Day # of Exp,Time period,Clock Time,Military Time,Photoperiod (hours),Temp C,Desired PAR
1,2,6:06 AM,6:06,,18.4,500 to 600
1,3,7:35 AM,7:35,,18.4,500 to 600
1,4,4:25 PM,16:25,,18.4,500 to 600
1,5,5:54 PM,17:54,11.8,15.4,0
1,6,7:25 PM,19:25,,12.4,0
2,1,4:34 AM,4:34,,12.4,0
2,2,6:06 AM,6:06,,15.1,500 to 600
2,3,7:35 AM,7:35,,17.8,500 to 600
2,4,4:25 PM,16:25,,17.8,500 to 600
2,5,5:54 PM,17:54,11.8,15.25,0
2,6,7:25 PM,19:25,,12.7,0
3,1,4:34 AM,4:34,,12.7,0
3,2,6:06 AM,6:06,,15.35,500 to 600
3,3,7:35 AM,7:35,,18,500 to 600
3,4,4:25 PM,16:25,,18,500 to 600
3,5,5:54 PM,17:54,11.8,17.45,0
3,6,7:25 PM,19:25,,16.9,0
4,1,4:34 AM,4:34,,16.9,0
4,2,6:06 AM,6:06,,18.9,500 to 600
4,3,7:35 AM,7:35,,20.9,500 to 600
4,4,4:25 PM,16:25,,20.9,500 to 600
4,5,5:54 PM,17:54,11.8,18.2,0
4,6,7:25 PM,19:25,,15.5,0
5,1,4:34 AM,4:34,,15.5,0
5,2,6:06 AM,6:06,,18.6,500 to 600
5,3,7:35 AM,7:35,,21.7,500 to 600
5,4,4:25 PM,16:25,,21.7,500 to 600
5,5,5:54 PM,17:54,11.8,17.75,0
5,6,7:25 PM,19:25,,13.8,0
6,1,4:34 AM,4:34,,13.8,0
6,2,6:06 AM,6:06,,17.55,500 to 600
6,3,7:35 AM,7:35,,21.3,500 to 600
6,4,4:25 PM,16:25,,21.3,500 to 600
6,5,5:54 PM,17:54,11.8,17.4,0
6,6,7:25 PM,19:25,,13.5,0
7,1,4:34 AM,4:34,,13.5,0
7,2,6:06 AM,6:06,,18.65,500 to 600
7,3,7:35 AM,7:35,,23.8,500 to 600
7,4,4:25 PM,16:25,,23.8,500 to 600
7,5,5:54 PM,17:54,11.8,18.8,0
7,6,7:25 PM,19:25,,13.8,0
8,1,4:34 AM,4:34,,13.8,0
8,2,6:06 AM,6:06,,17.7,500 to 600
8,3,7:35 AM,7:35,,21.6,500 to 600
8,4,4:25 PM,16:25,,21.6,500 to 600
8,5,5:54 PM,17:54,11.8,18.05,0
8,6,7:25 PM,19:25,,14.5,0
9,1,4:34 AM,4:34,,14.5,0
9,2,6:15 AM,6:15,,16.2,500 to 600
9,3,7:42 AM,7:42,,17.9,500 to 600
9,4,4:18 PM,16:18,,17.9,500 to 600
9,5,5:45 PM,17:45,11.5,15.3,0
9,6,7:18 PM,19:18,,12.7,0
10,1,4:40 AM,4:40,,12.7,0
10,2,6:15 AM,6:15,,15.35,500 to 600
10,3,7:42 AM,7:42,,18,500 to 600
10,4,4:18 PM,16:18,,18,500 to 600
10,5,5:45 PM,17:45,11.5,15.3,0
10,6,7:18 PM,19:18,,12.6,0
11,1,4:40 AM,4:40,,12.6,0
11,2,6:15 AM,6:15,,15.55,500 to 600
11,3,7:42 AM,7:42,,18.5,500 to 600
11,4,4:18 PM,16:18,,18.5,500 to 600
11,5,5:45 PM,17:45,11.5,15.4,0
11,6,7:18 PM,19:18,,12.3,0
12,1,4:40 AM,4:40,,12.3,0
12,2,6:15 AM,6:15,,15.5,500 to 600
12,3,7:42 AM,7:42,,18.7,500 to 600
12,4,4:18 PM,16:18,,18.7,500 to 600
12,5,5:45 PM,17:45,11.5,16.2,0
12,6,7:18 PM,19:18,,13.7,0
13,1,4:40 AM,4:40,,13.7,0
13,2,6:15 AM,6:15,,17.4,500 to 600
13,3,7:42 AM,7:42,,21.1,500 to 600
13,4,4:18 PM,16:18,,21.1,500 to 600
13,5,5:45 PM,17:45,11.5,17,0
13,6,7:18 PM,19:18,,12.9,0
14,1,4:40 AM,4:40,,12.9,0
14,2,6:15 AM,6:15,,16.25,500 to 600
14,3,7:42 AM,7:42,,19.6,500 to 600
14,4,4:18 PM,16:18,,19.6,500 to 600
14,5,5:45 PM,17:45,11.5,16.2,0
14,6,7:18 PM,19:18,,12.8,0
15,1,4:40 AM,4:40,,12.8,0
15,2,6:15 AM,6:15,,16.3,300
15,3,7:42 AM,7:42,,19.8,400
15,4,4:18 PM,16:18,,19.8,300
15,5,5:45 PM,17:45,11.5,14.85,0
15,6,7:18 PM,19:18,,9.9,0
16,1,4:40 AM,4:40,,9.9,0
16,2,6:15 AM,6:15,,14.55,300
16,3,7:42 AM,7:42,,19.2,400
16,4,4:18 PM,16:18,,19.2,300
16,5,5:45 PM,17:45,11.5,14.75,0
16,6,7:18 PM,19:18,,10.3,0
17,1,4:40 AM,4:40,,10.3,0
17,2,6:33 AM,6:33,,15.2,300
17,3,7:55 AM,7:55,,20.1,400
17,4,4:05 PM,16:05,,20.1,300
17,5,5:27 PM,17:27,10.9,15.75,0
17,6,7:05 PM,19:05,,11.4,0
18,1,4:54 AM,4:54,,11.4,0
18,2,6:33 AM,6:33,,15.75,300
18,3,7:55 AM,7:55,,20.1,400
18,4,4:05 PM,16:05,,20.1,300
18,5,5:27 PM,17:27,10.9,15.75,0
18,6,7:05 PM,19:05,,11.4,0
19,1,4:54 AM,4:54,,11.4,0
19,2,6:33 AM,6:33,,15.1,300
19,3,7:55 AM,7:55,,18.8,400
19,4,4:05 PM,16:05,,18.8,300
19,5,5:27 PM,17:27,10.9,15.25,0
19,6,7:05 PM,19:05,,11.7,0
20,1,4:54 AM,4:54,,11.7,0
20,2,6:33 AM,6:33,,15.3,300
20,3,7:55 AM,7:55,,18.9,400
20,4,4:05 PM,16:05,,18.9,300
20,5,5:27 PM,17:27,10.9,16.15,0
20,6,7:05 PM,19:05,,13.4,0
21,1,4:54 AM,4:54,,13.4,0
21,2,6:33 AM,6:33,,16.8,300
21,3,7:55 AM,7:55,,20.2,400
21,4,4:05 PM,16:05,,20.2,300
21,5,5:27 PM,17:27,10.9,15.5,0
21,6,7:05 PM,19:05,,10.8,0
22,1,4:54 AM,4:54,,10.8,0
22,2,6:33 AM,6:33,,14.45,300
22,3,7:55 AM,7:55,,18.1,400
22,4,4:05 PM,16:05,,18.1,300
22,5,5:27 PM,17:27,10.9,14.8,0
22,6,7:05 PM,19:05,,11.5,0
23,1,4:54 AM,4:54,,11.5,0
23,2,6:33 AM,6:33,,14.7,300
23,3,7:55 AM,7:55,,17.9,400
23,4,4:05 PM,16:05,,17.9,300
23,5,5:27 PM,17:27,10.9,15.4,0
23,6,7:05 PM,19:05,,12.9,0
24,1,4:54 AM,4:54,,12.9,0
24,2,6:33 AM,6:33,,14.65,300
24,3,7:55 AM,7:55,,16.4,400
24,4,4:05 PM,16:05,,16.4,300
24,5,5:27 PM,17:27,10.9,14.7,0
24,6,7:05 PM,19:05,,13,0
25,1,4:54 AM,4:54,,13,0
25,2,6:33 AM,6:33,,14.2,300
25,3,7:55 AM,7:55,,15.4,400
25,4,4:05 PM,16:05,,15.4,300
25,5,5:27 PM,17:27,10.9,14.95,0
25,6,7:05 PM,19:05,,14.5,0
26,1,4:54 AM,4:54,,14.5,0
26,2,6:48 AM,6:48,,16.35,200
26,3,8:06 AM,8:06,,18.2,300
26,4,3:54 PM,15:54,,18.2,200
26,5,5:12 PM,17:12,10.4,15.3,0
26,6,6:54 PM,18:54,,12.4,0
27,1,5:06 AM,5:06,,12.4,0
27,2,6:48 AM,6:48,,14.95,200
27,3,8:06 AM,8:06,,17.5,300
27,4,3:54 PM,15:54,,17.5,200
27,5,5:12 PM,17:12,10.4,14.8,0
27,6,6:54 PM,18:54,,12.1,0
28,1,5:06 AM,5:06,,12.1,0
28,2,6:48 AM,6:48,,15.2,200
28,3,8:06 AM,8:06,,18.3,300
28,4,3:54 PM,15:54,,18.3,200
28,5,5:12 PM,17:12,10.4,16.15,0
28,6,6:54 PM,18:54,,14,0
29,1,5:06 AM,5:06,,14,0
29,2,6:48 AM,6:48,,15.6,200
29,3,8:06 AM,8:06,,17.2,300
29,4,3:54 PM,15:54,,17.2,200
29,5,5:12 PM,17:12,10.4,15.55,0
29,6,6:54 PM,18:54,,13.9,0
30,1,5:06 AM,5:06,,13.9,0
30,2,6:48 AM,6:48,,14.6,200
30,3,8:06 AM,8:06,,15.3,300
30,4,3:54 PM,15:54,,15.3,200
30,5,5:12 PM,17:12,10.4,11.8,0
30,6,6:54 PM,18:54,,8.3,0
31,1,5:06 AM,5:06,,8.3,0
31,2,6:48 AM,6:48,,11.25,200
31,3,8:06 AM,8:06,,14.2,300
31,4,3:54 PM,15:54,,14.2,200
31,5,5:12 PM,17:12,10.4,11.55,0
31,6,6:54 PM,18:54,,8.9,0
32,1,5:06 AM,5:06,,8.9,0
32,2,6:48 AM,6:48,,11.95,200
32,3,8:06 AM,8:06,,15,300
32,4,3:54 PM,15:54,,15,200
32,5,5:12 PM,17:12,10.4,12,0
32,6,6:54 PM,18:54,,9,0
33,1,5:06 AM,5:06,,9,0
33,2,6:48 AM,6:48,,12.3,200
33,3,8:06 AM,8:06,,15.6,300
33,4,3:54 PM,15:54,,15.6,200
33,5,5:12 PM,17:12,10.4,13.15,0
33,6,6:54 PM,18:54,,10.7,0
34,1,5:06 AM,5:06,,10.7,0
34,2,6:48 AM,6:48,,13.85,200
34,3,8:06 AM,8:06,,17,300
34,4,3:54 PM,15:54,,17,200
34,5,5:12 PM,17:12,10.4,13.35,0
34,6,6:54 PM,18:54,,9.7,0
35,1,5:06 AM,5:06,,9.7,0
35,2,6:48 AM,6:48,,12.95,200
35,3,8:06 AM,8:06,,16.2,300
35,4,3:54 PM,15:54,,16.2,200
35,5,5:12 PM,17:12,10.4,12.15,0
35,6,6:54 PM,18:54,,8.1,0
36,1,5:06 AM,5:06,,8.1,0
36,2,6:48 AM,6:48,,10.45,200
36,3,8:06 AM,8:06,,12.8,300
36,4,3:54 PM,15:54,,12.8,200
36,5,5:12 PM,17:12,10.4,11,0
36,6,6:54 PM,18:54,,9.2,0
37,1,5:06 AM,5:06,,9.2,0
37,2,6:48 AM,6:48,,11.6,200
37,3,8:06 AM,8:06,,14,300
37,4,3:54 PM,15:54,,14,200
37,5,5:12 PM,17:12,10.4,10.05,0
37,6,6:54 PM,18:54,,6.1,0
38,1,5:06 AM,5:06,,6.1,0
38,2,6:48 AM,6:48,,9.6,200
38,3,8:06 AM,8:06,,13.1,300
38,4,3:54 PM,15:54,,13.1,200
38,5,5:12 PM,17:12,10.4,9.55,0
38,6,6:54 PM,18:54,,6,0
39,1,5:06 AM,5:06,,6,0
39,2,7:00 AM,7:00,,8.2,200
39,3,8:15 AM,8:15,,10.4,300
39,4,3:45 PM,15:45,,10.4,200
39,5,5:00 PM,17:00,10,7.8,0
39,6,6:45 PM,18:45,,5.2,0
40,1,5:15 AM,5:15,,5.2,0
40,2,7:00 AM,7:00,,7.9,200
40,3,8:15 AM,8:15,,10.6,300
40,4,3:45 PM,15:45,,10.6,200
40,5,5:00 PM,17:00,10,8.1,0
40,6,6:45 PM,18:45,,5.6,0
41,1,5:15 AM,5:15,,5.6,0
41,2,7:00 AM,7:00,,6.85,200
41,3,8:15 AM,8:15,,8.1,300
41,4,3:45 PM,15:45,,8.1,200
41,5,5:00 PM,17:00,10,6.75,0
41,6,6:45 PM,18:45,,5.4,0
42,1,5:15 AM,5:15,,5.4,0
42,2,7:00 AM,7:00,,7.9,200
42,3,8:15 AM,8:15,,10.4,300
42,4,3:45 PM,15:45,,10.4,200
42,5,5:00 PM,17:00,10,6.9,0
42,6,6:45 PM,18:45,,3.4,0
43,1,5:15 AM,5:15,,3.4,0
43,2,7:00 AM,7:00,,5.8,200
43,3,8:15 AM,8:15,,8.2,300
43,4,3:45 PM,15:45,,8.2,200
43,5,5:00 PM,17:00,10,5.75,0
43,6,6:45 PM,18:45,,3.3,0
44,1,5:15 AM,5:15,,3.3,0
44,2,7:00 AM,7:00,,6.2,200
44,3,8:15 AM,8:15,,9.1,300
44,4,3:45 PM,15:45,,9.1,200
44,5,5:00 PM,17:00,10,7.35,0
44,6,6:45 PM,18:45,,5.6,0
45,1,5:15 AM,5:15,,2.7,0
45,2,7:00 AM,7:00,,5.35,200
45,3,8:15 AM,8:15,,8,300
45,4,3:45 PM,15:45,,8,200
45,5,5:00 PM,17:00,10,5.35,0
45,6,6:45 PM,18:45,,2.7,0
46,1,5:15 AM,5:15,,11.5,0
46,2,7:00 AM,7:00,,13.6,200
46,3,8:15 AM,8:15,,15.7,300
46,4,3:45 PM,15:45,,15.7,200
46,5,5:00 PM,17:00,10,12.75,0
46,6,6:45 PM,18:45,,9.8,0
47,1,5:21 AM,5:21,,8,0
47,2,7:09 AM,7:09,,10.55,200
47,3,8:22 AM,8:22,,13.1,300
47,4,3:38 PM,15:38,,13.1,200
47,5,4:51 PM,16:51,9.7,9.9,0
47,6,6:38 PM,18:38,,6.7,0
48,1,5:21 AM,5:21,,5.6,0
48,2,7:09 AM,7:09,,6.85,200
48,3,8:22 AM,8:22,,8.1,300
48,4,3:38 PM,15:38,,8.1,200
48,5,4:51 PM,16:51,9.7,6.3,0
48,6,6:38 PM,18:38,,4.5,0
49,1,5:21 AM,5:21,,3.6,0
49,2,7:09 AM,7:09,,6.7,200
49,3,8:22 AM,8:22,,9.8,300
49,4,3:38 PM,15:38,,9.8,200
49,5,4:51 PM,16:51,9.7,6.75,0
49,6,6:38 PM,18:38,,3.7,0
50,1,5:21 AM,5:21,,7.7,0
50,2,7:09 AM,7:09,,10.55,200
50,3,8:22 AM,8:22,,13.4,300
50,4,3:38 PM,15:38,,13.4,200
50,5,4:51 PM,16:51,9.7,10,0
50,6,6:38 PM,18:38,,6.6,0
51,1,5:21 AM,5:21,,6.7,0
51,2,7:09 AM,7:09,,8.95,200
51,3,8:22 AM,8:22,,11.2,300
51,4,3:38 PM,15:38,,11.2,200
51,5,4:51 PM,16:51,9.7,8.45,0
51,6,6:38 PM,18:38,,5.7,0
52,1,5:21 AM,5:21,,5.7,0
52,2,7:18 AM,7:18,,8.15,100
52,3,8:29 AM,8:29,,10.6,200
52,4,3:31 PM,15:31,,10.6,100
52,5,4:42 PM,16:42,9.4,6.5,0
52,6,6:31 PM,18:31,,2.4,0
53,1,5:28 AM,5:28,,2.4,0
53,2,7:18 AM,7:18,,4.55,100
53,3,8:29 AM,8:29,,6.7,200
53,4,3:31 PM,15:31,,6.7,100
53,5,4:42 PM,16:42,9.4,3.75,0
53,6,6:31 PM,18:31,,0.8,0
54,1,5:28 AM,5:28,,0.8,0
54,2,7:18 AM,7:18,,3.9,100
54,3,8:29 AM,8:29,,7,200
54,4,3:31 PM,15:31,,7,100
54,5,4:42 PM,16:42,9.4,4.5,0
54,6,6:31 PM,18:31,,2,0
55,1,5:28 AM,5:28,,2,0
55,2,7:18 AM,7:18,,4.3,100
55,3,8:29 AM,8:29,,6.6,200
55,4,3:31 PM,15:31,,6.6,100
55,5,4:42 PM,16:42,9.4,3.7,0
55,6,6:31 PM,18:31,,0.8,0
56,1,5:28 AM,5:28,,0.8,0
56,2,7:24 AM,7:24,,3.05,100
56,3,8:33 AM,8:33,,5.3,200
56,4,3:27 PM,15:27,,5.3,100
56,5,4:36 PM,16:36,9.2,2.5,0
56,6,6:27 PM,18:27,,-0.3,0
57,1,5:33 AM,5:33,,-0.3,0
57,2,7:24 AM,7:24,,3,100
57,3,8:33 AM,8:33,,6.3,200
57,4,3:27 PM,15:27,,6.3,100
57,5,4:36 PM,16:36,9.2,4.6,0
57,6,6:27 PM,18:27,,2.9,0
58,1,5:33 AM,5:33,,2.9,0
58,2,7:24 AM,7:24,,5.05,100
58,3,8:33 AM,8:33,,7.2,200
58,4,3:27 PM,15:27,,7.2,100
58,5,4:36 PM,16:36,9.2,3.85,0
58,6,6:27 PM,18:27,,0.5,0
59,1,5:33 AM,5:33,,0.5,0
59,2,7:27 AM,7:27,,2.45,100
59,3,8:36 AM,8:36,,4.4,200
59,4,3:24 PM,15:24,,4.4,100
59,5,4:33 PM,16:33,9.1,2.2,0
59,6,6:24 PM,18:24,,0,0
60,1,5:34 AM,5:34,,0,0
60,2,7:27 AM,7:27,,2.7,100
60,3,8:36 AM,8:36,,5.4,200
60,4,3:24 PM,15:24,,5.4,100
60,5,4:33 PM,16:33,9.1,4.75,0
60,6,6:24 PM,18:24,,4.1,0
61,1,5:34 AM,5:34,,4.1,0
61,2,7:27 AM,7:27,,5.45,100
61,3,8:36 AM,8:36,,6.8,200
61,4,3:24 PM,15:24,,6.8,100
61,5,4:33 PM,16:33,9.1,4.7,0
61,6,6:24 PM,18:24,,2.6,0
62,1,5:34 AM,5:34,,2.6,0
62,2,7:24 AM,7:24,,5,100
62,3,8:33 AM,8:33,,7.4,200
62,4,3:27 PM,15:27,,7.4,100
62,5,4:36 PM,16:36,9.2,4.8,0
62,6,6:27 PM,18:27,,2.2,0
63,1,5:33 AM,5:33,,2.2,0
63,2,7:24 AM,7:24,,4.75,100
63,3,8:33 AM,8:33,,7.3,200
63,4,3:27 PM,15:27,,7.3,100
63,5,4:36 PM,16:36,9.2,4.65,0
63,6,6:27 PM,18:27,,2,0
64,1,5:33 AM,5:33,,2,0
64,2,7:24 AM,7:24,,5.15,100
64,3,8:33 AM,8:33,,8.3,200
64,4,3:27 PM,15:27,,8.3,100
64,5,4:36 PM,16:36,9.2,4.9,0
64,6,6:27 PM,18:27,,1.5,0
65,1,5:33 AM,5:33,,1.5,0
65,2,7:21 AM,7:21,,5.1,100
65,3,8:31 AM,8:31,,8.7,200
65,4,3:29 PM,15:29,,8.7,100
65,5,4:39 PM,16:39,9.3,5.7,0
65,6,6:29 PM,18:29,,2.7,0
66,1,5:30 AM,5:30,,2.7,0
66,2,7:21 AM,7:21,,6.15,100
66,3,8:31 AM,8:31,,9.6,200
66,4,3:29 PM,15:29,,9.6,100
66,5,4:39 PM,16:39,9.3,6.7,0
66,6,6:29 PM,18:29,,3.8,0
67,1,5:30 AM,5:30,,3.8,0
67,2,7:21 AM,7:21,,6.55,100
67,3,8:31 AM,8:31,,9.3,200
67,4,3:29 PM,15:29,,9.3,100
67,5,4:39 PM,16:39,9.3,5.75,0
67,6,6:29 PM,18:29,,2.2,0
68,1,5:30 AM,5:30,,2.2,0
68,2,7:12 AM,7:12,,4.35,100
68,3,8:24 AM,8:24,,6.5,200
68,4,3:36 PM,15:36,,6.5,100
68,5,4:48 PM,16:48,9.6,3.9,0
68,6,6:36 PM,18:36,,1.3,0
69,1,5:24 AM,5:24,,1.3,0
69,2,7:12 AM,7:12,,3,100
69,3,8:24 AM,8:24,,4.7,200
69,4,3:36 PM,15:36,,4.7,100
69,5,4:48 PM,16:48,9.6,2.65,0
69,6,6:36 PM,18:36,,0.6,0
70,1,5:24 AM,5:24,,0.6,0
70,2,7:12 AM,7:12,,1.65,100
70,3,8:24 AM,8:24,,2.7,200
70,4,3:36 PM,15:36,,2.7,100
70,5,4:48 PM,16:48,9.6,1.65,0
70,6,6:36 PM,18:36,,0.6,0
71,1,5:24 AM,5:24,,0.6,0
71,2,7:12 AM,7:12,,2.1,100
71,3,8:24 AM,8:24,,3.6,200
71,4,3:36 PM,15:36,,3.6,100
71,5,4:48 PM,16:48,9.6,2.05,0
71,6,6:36 PM,18:36,,0.5,0
72,1,5:24 AM,5:24,,0.5,0
72,2,7:00 AM,7:00,,3.15,200
72,3,8:15 AM,8:15,,5.8,300
72,4,3:45 PM,15:45,,5.8,200
72,5,5:00 PM,17:00,10,3.9,0
72,6,6:45 PM,18:45,,2,0
73,1,5:15 AM,5:15,,2,0
73,2,7:00 AM,7:00,,4.1,200
73,3,8:15 AM,8:15,,6.2,300
73,4,3:45 PM,15:45,,6.2,200
73,5,5:00 PM,17:00,10,3.5,0
73,6,6:45 PM,18:45,,0.8,0
74,1,5:15 AM,5:15,,0.8,0
74,2,7:00 AM,7:00,,4,200
74,3,8:15 AM,8:15,,7.2,300
74,4,3:45 PM,15:45,,7.2,200
74,5,5:00 PM,17:00,10,4.5,0
74,6,6:45 PM,18:45,,1.8,0
75,1,5:15 AM,5:15,,1.8,0
75,2,7:00 AM,7:00,,4.3,200
75,3,8:15 AM,8:15,,6.8,300
75,4,3:45 PM,15:45,,6.8,200
75,5,5:00 PM,17:00,10,3.6,0
75,6,6:45 PM,18:45,,0.4,0
76,1,5:15 AM,5:15,,0.4,0
76,2,7:00 AM,7:00,,2.85,200
76,3,8:15 AM,8:15,,5.3,300
76,4,3:45 PM,15:45,,5.3,200
76,5,5:00 PM,17:00,10,3.9,0
76,6,6:45 PM,18:45,,2.5,0
77,1,5:15 AM,5:15,,2.5,0
77,2,7:00 AM,7:00,,5.5,200
77,3,8:15 AM,8:15,,8.5,300
77,4,3:45 PM,15:45,,8.5,200
77,5,5:00 PM,17:00,10,4.8,0
77,6,6:45 PM,18:45,,1.1,0
78,1,5:15 AM,5:15,,1.1,0
78,2,7:00 AM,7:00,,3.1,200
78,3,8:15 AM,8:15,,5.1,300
78,4,3:45 PM,15:45,,5.1,200
78,5,5:00 PM,17:00,10,2.65,0
78,6,6:45 PM,18:45,,0.2,0
79,1,5:15 AM,5:15,,0.2,0
79,2,7:00 AM,7:00,,3,200
79,3,8:15 AM,8:15,,5.8,300
79,4,3:45 PM,15:45,,5.8,200
79,5,5:00 PM,17:00,10,3.75,0
79,6,6:45 PM,18:45,,1.7,0
80,1,5:15 AM,5:15,,1.7,0
80,2,6:48 AM,6:48,,3.4,200
80,3,8:06 AM,8:06,,5.1,300
80,4,3:54 PM,15:54,,5.1,200
80,5,5:12 PM,17:12,10.4,4.5,0
80,6,6:54 PM,18:54,,3.9,0
81,1,5:06 AM,5:06,,3.9,0
81,2,6:48 AM,6:48,,6.7,200
81,3,8:06 AM,8:06,,9.5,300
81,4,3:54 PM,15:54,,9.5,200
81,5,5:12 PM,17:12,10.4,6.8,0
81,6,6:54 PM,18:54,,4.1,0
82,1,5:06 AM,5:06,,4.1,0
82,2,6:48 AM,6:48,,7.5,200
82,3,8:06 AM,8:06,,10.9,300
82,4,3:54 PM,15:54,,10.9,200
82,5,5:12 PM,17:12,10.4,7.85,0
82,6,6:54 PM,18:54,,4.8,0
83,1,5:06 AM,5:06,,4.8,0
83,2,6:48 AM,6:48,,7.45,200
83,3,8:06 AM,8:06,,10.1,300
83,4,3:54 PM,15:54,,10.1,200
83,5,5:12 PM,17:12,10.4,8.75,0
83,6,6:54 PM,18:54,,7.4,0
84,1,5:06 AM,5:06,,7.4,0
84,2,6:48 AM,6:48,,9.45,200
84,3,8:06 AM,8:06,,11.5,300
84,4,3:54 PM,15:54,,11.5,200
84,5,5:12 PM,17:12,10.4,9.6,0
84,6,6:54 PM,18:54,,7.7,0
85,1,5:06 AM,5:06,,7.7,0
85,2,6:48 AM,6:48,,8.75,200
85,3,8:06 AM,8:06,,9.8,300
85,4,3:54 PM,15:54,,9.8,200
85,5,5:12 PM,17:12,10.4,9.05,0
85,6,6:54 PM,18:54,,8.3,0
86,1,5:06 AM,5:06,,8.3,0
86,2,6:48 AM,6:48,,8.85,200
86,3,8:06 AM,8:06,,9.4,300
86,4,3:54 PM,15:54,,9.4,200
86,5,5:12 PM,17:12,10.4,8.35,0
86,6,6:54 PM,18:54,,7.3,0
87,1,5:06 AM,5:06,,7.3,0
87,2,6:48 AM,6:48,,9.95,200
87,3,8:06 AM,8:06,,12.6,300
87,4,3:54 PM,15:54,,12.6,200
87,5,5:12 PM,17:12,10.4,10,0
87,6,6:54 PM,18:54,,7.4,0
88,1,5:06 AM,5:06,,7.4,0
88,2,6:36 AM,6:36,,9.05,200
88,3,7:57 AM,7:57,,10.7,300
88,4,4:03 PM,16:03,,10.7,200
88,5,5:24 PM,17:24,10.8,9.6,0
88,6,7:03 PM,19:03,,8.5,0
89,1,4:57 AM,4:57,,8.5,0
89,2,6:36 AM,6:36,,10.55,200
89,3,7:57 AM,7:57,,12.6,300
89,4,4:03 PM,16:03,,12.6,200
89,5,5:24 PM,17:24,10.8,9.3,0
89,6,7:03 PM,19:03,,6,0
90,1,4:57 AM,4:57,,6,0
90,2,6:36 AM,6:36,,8.3,200
90,3,7:57 AM,7:57,,10.6,300
90,4,4:03 PM,16:03,,10.6,200
90,5,5:24 PM,17:24,10.8,7.6,0
90,6,7:03 PM,19:03,,4.6,0
91,1,4:57 AM,4:57,,5.3,0
91,2,6:36 AM,6:36,,9.5,200
91,3,7:57 AM,7:57,,13.7,300
91,4,4:03 PM,16:03,,13.7,200
91,5,5:24 PM,17:24,10.8,10.05,0
91,6,7:03 PM,19:03,,6.4,0
92,1,4:57 AM,4:57,,6.4,0
92,2,6:36 AM,6:36,,11,200
92,3,7:57 AM,7:57,,15.6,300
92,4,4:03 PM,16:03,,15.6,200
92,5,5:24 PM,17:24,10.8,11.05,0
92,6,7:03 PM,19:03,,6.5,0
93,1,4:57 AM,4:57,,7.5,0
93,2,6:36 AM,6:36,,10.25,200
93,3,7:57 AM,7:57,,13,300
93,4,4:03 PM,16:03,,13,200
93,5,5:24 PM,17:24,10.8,10.7,0
93,6,7:03 PM,19:03,,8.4,0
94,1,4:57 AM,4:57,,8.4,0
94,2,6:36 AM,6:36,,9.45,200
94,3,7:57 AM,7:57,,10.5,300
94,4,4:03 PM,16:03,,10.5,200
94,5,5:24 PM,17:24,10.8,8.85,0
94,6,7:03 PM,19:03,,7.2,0
95,1,4:45 AM,4:45,,8.5,0
95,2,6:21 AM,6:21,,9.9,300
95,3,7:46 AM,7:46,,11.3,400
95,4,4:14 PM,16:14,,11.3,300
95,5,5:39 PM,17:39,11.3,9.8,0
95,6,7:14 PM,19:14,,8.3,0
96,1,4:45 AM,4:45,,8.3,0
96,2,6:21 AM,6:21,,10.45,300
96,3,7:46 AM,7:46,,12.6,400
96,4,4:14 PM,16:14,,12.6,300
96,5,5:39 PM,17:39,11.3,10.45,0
96,6,7:14 PM,19:14,,8.3,0
97,1,4:45 AM,4:45,,8.8,0
97,2,6:09 AM,6:09,,12.25,300
97,3,7:37 AM,7:37,,15.7,400
97,4,4:23 PM,16:23,,15.7,300
97,5,5:51 PM,17:51,11.7,12.75,0
97,6,7:23 PM,19:23,,9.8,0
98,1,4:36 AM,4:36,,9.8,0
98,2,6:09 AM,6:09,,12.75,400
98,3,7:37 AM,7:37,,15.7,500 to 600
98,4,4:23 PM,16:23,,15.7,400
98,5,5:51 PM,17:51,11.7,13.3,0
98,6,7:23 PM,19:23,,10.9,0
99,1,4:36 AM,4:36,,10.9,0
99,2,6:09 AM,6:09,,12.7,400
99,3,7:37 AM,7:37,,14.5,500 to 600
99,4,4:23 PM,16:23,,14.5,400
99,5,5:51 PM,17:51,11.7,12.75,0
99,6,7:23 PM,19:23,,11,0
100,1,4:36 AM,4:36,,10.9,0
100,2,5:54 AM,5:54,,15.15,400
100,3,7:26 AM,7:26,,19.4,500 to 600
100,4,4:34 PM,16:34,,19.4,400
100,5,6:06 PM,18:06,12.2,15.2,0
100,6,7:34 PM,19:34,,11,0
101,1,4:25 AM,4:25,,11,0
101,2,5:54 AM,5:54,,14.75,400
101,3,7:26 AM,7:26,,18.5,500 to 600
101,4,4:34 PM,16:34,,18.5,400
101,5,6:06 PM,18:06,12.2,14.7,0
101,6,7:34 PM,19:34,,10.9,0
102,1,4:25 AM,4:25,,11.4,0
102,2,5:54 AM,5:54,,15.65,400
102,3,7:26 AM,7:26,,19.9,500 to 600
102,4,4:34 PM,16:34,,19.9,400
102,5,6:06 PM,18:06,12.2,15.65,0
102,6,7:34 PM,19:34,,11.4,0
103,1,4:25 AM,4:25,,11.4,0
103,2,5:39 AM,5:39,,15.9,400
103,3,7:15 AM,7:15,,20.4,500 to 600
103,4,4:45 PM,16:45,,20.4,400
103,5,6:21 PM,18:21,12.7,16.8,0
103,6,7:45 PM,19:45,,13.2,0
104,1,4:13 AM,4:13,,12.4,0
104,2,5:39 AM,5:39,,16.4,400
104,3,7:15 AM,7:15,,20.4,500 to 600
104,4,4:45 PM,16:45,,20.4,400
104,5,6:21 PM,18:21,12.7,16.5,0
104,6,7:45 PM,19:45,,12.6,0
105,1,4:13 AM,4:13,,12.6,0
105,2,5:39 AM,5:39,,17.05,400
105,3,7:15 AM,7:15,,21.5,500 to 600
105,4,4:45 PM,16:45,,21.5,400
105,5,6:21 PM,18:21,12.7,17.4,0
105,6,7:45 PM,19:45,,13.3,0
106,1,4:04 AM,4:04,,14.3,0
106,2,5:27 AM,5:27,,18.65,400
106,3,7:06 AM,7:06,,23,500 to 600
106,4,4:54 PM,16:54,,23,400
106,5,6:33 PM,18:33,13.1,18.4,0
106,6,7:54 PM,19:54,,13.8,0
107,1,4:04 AM,4:04,,13.8,0
107,2,5:27 AM,5:27,,18.45,400
107,3,7:06 AM,7:06,,23.1,500 to 600
107,4,4:54 PM,16:54,,23.1,400
107,5,6:33 PM,18:33,13.1,18.35,0
107,6,7:54 PM,19:54,,13.6,0
108,1,4:04 AM,4:04,,12.3,0
108,2,5:12 AM,5:27,,16.2,400
108,3,6:54 AM,7:06,,20.1,500 to 600
108,4,5:06 PM,16:54,,20.1,400
108,5,6:48 PM,18:33,13.1,15.5,0
108,6,8:06 PM,19:54,,10.9,0
109,1,3:54 AM,4:04,,10.9,0
109,2,5:12 AM,5:27,,14.65,400
109,3,6:54 AM,7:06,,18.4,500 to 600
109,4,5:06 PM,16:54,,18.4,400
109,5,6:48 PM,18:33,13.1,14.75,0
109,6,8:06 PM,19:54,,11.1,0
110,1,3:54 AM,4:04,,10.1,0
110,2,5:12 AM,5:27,,13.7,400
110,3,6:54 AM,7:06,,17.3,500 to 600
110,4,5:06 PM,16:54,,17.3,400
110,5,6:48 PM,18:33,13.1,13.75,0
110,6,8:06 PM,19:54,,10.2,0
111,1,3:54 AM,4:04,,10.2,0
111,2,5:12 AM,5:27,,14.15,400
111,3,6:54 AM,7:06,,18.1,500 to 600
111,4,5:06 PM,16:54,,18.1,400
111,5,6:48 PM,18:33,13.1,14,0
111,6,8:06 PM,19:54,,9.64,0
112,1,3:54 AM,4:04,,9.6375,0
112,2,5:12 AM,5:27,,14.87,400
112,3,6:54 AM,7:06,,20.1025,500 to 600
112,4,5:06 PM,16:54,,20.1025,400
112,5,6:48 PM,18:33,13.1,16.035,0
112,6,8:06 PM,19:54,,11.9675,0
113,1,3:54 AM,4:04,,11.9675,0
113,2,5:12 AM,5:27,,14.54875,400
113,3,6:54 AM,7:06,,17.13,500 to 600
113,4,5:06 PM,16:54,,17.13,400
113,5,6:48 PM,18:33,13.1,13.8925,0
113,6,8:06 PM,19:54,,10.8875,0
114,1,3:54 AM,4:04,,10.8875,0
114,2,5:12 AM,5:27,,14.6525,400
114,3,6:54 AM,7:06,,18.4175,500 to 600
114,4,5:06 PM,16:54,,18.4175,400
114,5,6:48 PM,18:33,13.1,14.78125,0
114,6,8:06 PM,19:54,,11.145,0
115,1,3:54 AM,4:04,,11.145,0
115,2,5:12 AM,5:27,,14.88125,400
115,3,6:54 AM,7:06,,18.6175,500 to 600
115,4,5:06 PM,16:54,,18.6175,400
115,5,6:48 PM,18:33,13.1,14.16125,0
115,6,8:06 PM,19:54,,9.705,0
116,1,3:54 AM,4:04,,9.705,0
116,2,5:12 AM,5:27,,14.37125,400
116,3,6:54 AM,7:06,,19.0375,500 to 600
116,4,5:06 PM,16:54,,19.0375,400
116,5,6:48 PM,18:33,13.1,16.14625,0
116,6,8:06 PM,19:54,,13.255,0
117,1,3:54 AM,4:04,,13.255,0
117,2,5:12 AM,5:27,,17.7675,400
117,3,6:54 AM,7:06,,22.28,500 to 600
117,4,5:06 PM,16:54,,22.28,400
117,5,6:48 PM,18:33,13.1,17.22625,0
117,6,8:06 PM,19:54,,11.39,0
118,1,3:54 AM,4:04,,11.39,0
118,2,5:12 AM,5:27,,15.62125,400
118,3,6:54 AM,7:06,,19.8525,500 to 600
118,4,5:06 PM,16:54,,19.8525,400
118,5,6:48 PM,18:33,13.1,16.74125,0
118,6,8:06 PM,19:54,,13.63,0
119,1,3:54 AM,4:04,,13.63,0
119,2,5:12 AM,5:27,,18.23,400
119,3,6:54 AM,7:06,,22.83,500 to 600
119,4,5:06 PM,16:54,,22.83,400
119,5,6:48 PM,18:33,13.1,17.17,0
119,6,8:06 PM,19:54,,11.51,0
120,1,3:54 AM,4:04,,11.51,0
120,2,5:12 AM,5:27,,15.49,400
120,3,6:54 AM,7:06,,19.47,500 to 600
120,4,5:06 PM,16:54,,19.47,400
120,5,6:48 PM,18:33,13.1,16.05625,0
120,6,8:06 PM,19:54,,12.6425,0
121,1,3:54 AM,4:04,,12.6425,0
121,2,5:12 AM,5:27,,15.85,400
121,3,6:54 AM,7:06,,19.0575,500 to 600
121,4,5:06 PM,16:54,,19.0575,400
121,5,6:48 PM,18:33,13.1,14.92625,0
121,6,8:06 PM,19:54,,10.795,0
122,1,3:54 AM,3:54,,11.51,0
122,2,5:12 AM,5:12,,16.0175,400
122,3,6:54 AM,6:54,,20.525,500 to 600
122,4,5:06 PM,17:06,,20.525,400
122,5,6:48 PM,18:48,13.6,16.30375,0
122,6,8:06 PM,20:06,,12.0825,0
123,1,3:54 AM,3:54,,12.0825,0
123,2,5:12 AM,5:12,,15.17,400
123,3,6:54 AM,6:54,,18.2575,500 to 600
123,4,5:06 PM,17:06,,18.2575,400
123,5,6:48 PM,18:48,13.6,15.40125,0
123,6,8:06 PM,20:06,,12.545,0
124,1,3:54 AM,3:54,,12.545,0
124,2,5:12 AM,5:12,,17.6875,400
124,3,6:54 AM,6:54,,22.83,500 to 600
124,4,5:06 PM,17:06,,22.83,400
124,5,6:48 PM,18:48,13.6,18.23,0
124,6,8:06 PM,20:06,,13.63,0
125,1,3:54 AM,3:54,,13.63,0
125,2,5:12 AM,5:12,,18.32125,400
125,3,6:54 AM,6:54,,23.0125,500 to 600
125,4,5:06 PM,17:06,,23.0125,400
125,5,6:48 PM,18:48,14,18.6525,0
125,6,8:06 PM,20:06,,14.2925,0
126,1,3:54 AM,3:54,,14.2925,0
126,2,5:12 AM,5:12,,18.695,400
126,3,6:54 AM,6:54,,23.0975,500 to 600
126,4,5:06 PM,17:06,,23.0975,400
126,5,6:48 PM,18:48,14,18.44,0
126,6,8:06 PM,20:06,,13.7825,0
127,1,3:54 AM,3:54,,13.7825,0
127,2,5:12 AM,5:12,,16.8175,400
127,3,6:54 AM,6:54,,19.8525,500 to 600
127,4,5:06 PM,17:06,,19.8525,400
127,5,6:48 PM,18:48,14,15.62125,0
127,6,8:06 PM,20:06,,11.39,0
128,1,3:54 AM,3:54,,11.39,0
128,2,5:12 AM,5:12,,16.835,400
128,3,6:54 AM,6:54,,22.28,500 to 600
128,4,5:06 PM,17:06,,22.28,400
128,5,6:48 PM,18:48,14,17.7675,0
128,6,8:06 PM,20:06,,13.255,0
129,1,3:45 AM,3:45,,13.255,0
129,2,5:00 AM,5:00,,18.135,400
129,3,6:45 AM,6:45,,23.015,500 to 600
129,4,5:15 PM,17:15,,23.015,400
129,5,7:00 PM,19:00,14,17.56625,0
129,6,8:15 PM,20:15,,12.1175,0
130,1,3:45 AM,3:45,,12.1175,0
130,2,5:00 AM,5:00,,15.9525,400
130,3,6:45 AM,6:45,,19.7875,500 to 600
130,4,5:15 PM,17:15,,19.7875,400
130,5,7:00 PM,19:00,14,16.57125,0
130,6,8:15 PM,20:15,,13.355,0
131,1,3:45 AM,3:45,,13.355,0
131,2,5:00 AM,5:00,,17.37625,400
131,3,6:45 AM,6:45,,21.3975,500 to 600
131,4,5:15 PM,17:15,,21.3975,400
131,5,7:00 PM,19:00,14,15.87625,0
131,6,8:15 PM,20:15,,10.355,0
132,1,3:45 AM,3:45,,10.355,0
132,2,5:00 AM,5:00,,14.36,400
132,3,6:45 AM,6:45,,18.365,500 to 600
132,4,5:15 PM,17:15,,18.365,400
132,5,7:00 PM,19:00,14.4,15.95625,0
132,6,8:15 PM,20:15,,13.5475,0
133,1,3:45 AM,3:45,,13.5475,0
133,2,5:00 AM,5:00,,18.62375,400
133,3,6:45 AM,6:45,,23.7,500 to 600
133,4,5:15 PM,17:15,,23.7,400
133,5,7:00 PM,19:00,14.4,19.605,0
133,6,8:15 PM,20:15,,15.51,0
134,1,3:45 AM,3:45,,15.51,0
134,2,5:00 AM,5:00,,18.99125,400
134,3,6:45 AM,6:45,,22.4725,500 to 600
134,4,5:15 PM,17:15,,22.4725,400
134,5,7:00 PM,19:00,14.4,17.74375,0
134,6,8:15 PM,20:15,,13.015,0
135,1,3:45 AM,3:45,,13.015,0
135,2,5:00 AM,5:00,,17.36875,400
135,3,6:45 AM,6:45,,21.7225,500 to 600
135,4,5:15 PM,17:15,,21.7225,400
135,5,7:00 PM,19:00,14.4,17.26125,0
135,6,8:15 PM,20:15,,12.8,0
136,1,3:36 AM,3:36,,12.8,0
136,2,4:48 AM,4:48,,17.35125,400
136,3,6:36 AM,6:36,,21.9025,500 to 600
136,4,5:24 PM,17:24,,21.9025,400
136,5,7:12 PM,19:12,14.4,17.09125,0
136,6,8:24 PM,20:24,,12.28,0
137,1,3:36 AM,3:36,,12.28,0
137,2,4:48 AM,4:48,,15.695,400
137,3,6:36 AM,6:36,,19.11,500 to 600
137,4,5:24 PM,17:24,,19.11,400
137,5,7:12 PM,19:12,14.4,16.03625,0
137,6,8:24 PM,20:24,,12.9625,0
138,1,3:36 AM,3:36,,12.9625,0
138,2,4:48 AM,4:48,,16.51125,400
138,3,6:36 AM,6:36,,20.06,500 to 600
138,4,5:24 PM,17:24,,20.06,400
138,5,7:12 PM,19:12,14.4,16.76625,0
138,6,8:24 PM,20:24,,13.4725,0
139,1,3:36 AM,3:36,,13.4725,0
139,2,4:48 AM,4:48,,17.8175,400
139,3,6:36 AM,6:36,,22.1625,500 to 600
139,4,5:24 PM,17:24,,22.1625,400
139,5,7:12 PM,19:12,14.7,17.395,0
139,6,8:24 PM,20:24,,12.6275,0
140,1,3:36 AM,3:36,,12.6275,0
140,2,4:48 AM,4:48,,18.40875,400
140,3,6:36 AM,6:36,,24.19,500 to 600
140,4,5:24 PM,17:24,,24.19,400
140,5,7:12 PM,19:12,14.7,18.6675,0
140,6,8:24 PM,20:24,,13.145,0
141,1,3:36 AM,3:36,,13.145,0
141,2,4:48 AM,4:48,,17.53375,400
141,3,6:36 AM,6:36,,21.9225,500 to 600
141,4,5:24 PM,17:24,,21.9225,400
141,5,7:12 PM,19:12,14.7,18.31375,0
141,6,8:24 PM,20:24,,14.705,0
142,1,3:36 AM,3:36,,14.705,0
142,2,4:48 AM,4:48,,18.645,400
142,3,6:36 AM,6:36,,22.585,500 to 600
142,4,5:24 PM,17:24,,22.585,400
142,5,7:12 PM,19:12,14.7,16.9025,0
142,6,8:24 PM,20:24,,11.22,0
143,1,3:28 AM,3:28,,11.22,0
143,2,4:39 AM,4:39,,18.19125,400
143,3,6:30 AM,6:30,,25.1625,500 to 600
143,4,5:30 PM,17:30,,25.1625,400
143,5,7:21 PM,19:21,14.7,19.7875,0
143,6,8:30 PM,20:30,,14.4125,0
144,1,3:28 AM,3:28,,14.4125,0
144,2,4:39 AM,4:39,,20.2575,400
144,3,6:30 AM,6:30,,26.1025,500 to 600
144,4,5:30 PM,17:30,,26.1025,400
144,5,7:21 PM,19:21,14.7,21.6075,0
144,6,8:30 PM,20:30,,17.1125,0
145,1,3:28 AM,3:28,,17.1125,0
145,2,4:39 AM,4:39,,20.795,400
145,3,6:30 AM,6:30,,24.4775,500 to 600
145,4,5:30 PM,17:30,,24.4775,400
145,5,7:21 PM,19:21,,20.895,0
145,6,8:30 PM,20:30,,17.3125,0
146,1,3:28 AM,3:28,,17.3125,0
146,2,4:39 AM,4:39,,20.09625,400
146,3,6:30 AM,6:30,,22.88,500 to 600
146,4,5:30 PM,17:30,13.6,22.88,400
146,5,7:21 PM,19:21,,18.95875,0
146,6,8:30 PM,20:30,,15.0375,0
147,1,3:28 AM,3:28,,15.0375,0
147,2,4:39 AM,4:39,,20.3675,400
147,3,6:30 AM,6:30,,25.6975,500 to 600
147,4,5:30 PM,17:30,13.6,25.6975,400
147,5,7:21 PM,19:21,,21.36125,0
147,6,8:30 PM,20:30,,17.025,0
148,1,3:28 AM,3:28,,17.025,0
148,2,4:39 AM,4:39,,21.51625,400
148,3,6:30 AM,6:30,,26.0075,500 to 600
148,4,5:30 PM,17:30,13.6,26.0075,400
148,5,7:21 PM,19:21,,21.5625,0
148,6,8:30 PM,20:30,,17.1175,0
