"day","period","time","temperature","par"
1,1,"04:39",7.7,0
1,2,"06:39",9.7,225
1,3,"08:39",11.8,225
1,4,"16:45",11.8,225
1,5,"18:45",8.1,0
1,6,"20:45",4.5,0
2,1,"04:42",4.5,0
2,2,"06:42",8.3,218
2,3,"08:42",12.1,218
2,4,"16:41",12.1,218
2,5,"18:41",10.3,0
2,6,"20:41",8.6,0
3,1,"04:45",8.6,0
3,2,"06:45",9.7,212
3,3,"08:45",10.9,212
3,4,"16:38",10.9,212
3,5,"18:38",9.6,0
3,6,"20:38",8.3,0
4,1,"04:47",8.3,0
4,2,"06:47",9.9,205
4,3,"08:47",11.5,205
4,4,"16:35",11.5,205
4,5,"18:35",10,0
4,6,"20:35",8.5,0
5,1,"04:50",8.5,0
5,2,"06:50",10.8,198
5,3,"08:50",13.2,198
5,4,"16:31",13.2,198
5,5,"18:31",9.8,0
5,6,"20:31",6.5,0
6,1,"04:53",6.5,0
6,2,"06:53",11.2,192
6,3,"08:53",15.9,192
6,4,"16:28",15.9,192
6,5,"18:28",11.5,0
6,6,"20:28",7.2,0
7,1,"04:55",7.2,0
7,2,"06:55",11.2,185
7,3,"08:55",15.2,185
7,4,"16:25",15.2,185
7,5,"18:25",11.6,0
7,6,"20:25",8,0
8,1,"04:58",8,0
8,2,"06:58",9,178
8,3,"08:58",10.1,178
8,4,"16:21",10.1,178
8,5,"18:21",8.9,0
8,6,"20:21",7.8,0
9,1,"05:01",7.8,0
9,2,"07:01",9.6,172
9,3,"09:01",11.5,172
9,4,"16:18",11.5,172
9,5,"18:18",8.9,0
9,6,"20:18",6.4,0
10,1,"05:03",6.4,0
10,2,"07:03",11.2,165
10,3,"09:03",16,165
10,4,"16:15",16,165
10,5,"18:15",11.9,0
10,6,"20:15",7.8,0
11,1,"05:06",7.8,0
11,2,"07:06",10.5,158
11,3,"09:06",13.1,158
11,4,"16:12",13.1,158
11,5,"18:12",10.6,0
11,6,"20:12",8,0
12,1,"05:09",8,0
12,2,"07:09",12.9,152
12,3,"09:09",17.8,152
12,4,"16:08",17.8,152
12,5,"18:08",12.7,0
12,6,"20:08",7.6,0
13,1,"05:11",7.6,0
13,2,"07:11",12,145
13,3,"09:11",16.4,145
13,4,"16:05",16.4,145
13,5,"18:05",11.3,0
13,6,"20:05",6.2,0
14,1,"05:14",6.2,0
14,2,"07:14",10.6,138
14,3,"09:14",15.1,138
14,4,"16:02",15.1,138
14,5,"18:02",11.1,0
14,6,"20:02",7.2,0
15,1,"05:17",7.2,0
15,2,"07:17",8.6,132
15,3,"09:17",10,132
15,4,"15:58",10,132
15,5,"17:58",8.4,0
15,6,"19:58",6.8,0
16,1,"05:19",6.8,0
16,2,"07:19",8.2,125
16,3,"09:19",9.7,125
16,4,"15:55",9.7,125
16,5,"17:55",7.1,0
16,6,"19:55",4.4,0
17,1,"05:22",4.4,0
17,2,"07:22",8,118
17,3,"09:22",11.5,118
17,4,"15:52",11.5,118
17,5,"17:52",9.7,0
17,6,"19:52",7.9,0
18,1,"05:25",7.9,0
18,2,"07:25",10.4,112
18,3,"09:25",12.9,112
18,4,"15:49",12.9,112
18,5,"17:49",9.8,0
18,6,"19:49",6.8,0
19,1,"05:28",6.8,0
19,2,"07:28",7.7,105
19,3,"09:28",8.6,105
19,4,"15:46",8.6,105
19,5,"17:46",7.6,0
19,6,"19:46",6.5,0
20,1,"05:30",6.5,0
20,2,"07:30",7.2,98
20,3,"09:30",7.9,98
20,4,"15:42",7.9,98
20,5,"17:42",6.6,0
20,6,"19:42",5.3,0
21,1,"05:33",5.3,0
21,2,"07:33",8.1,92
21,3,"09:33",10.8,92
21,4,"15:39",10.8,92
21,5,"17:39",7,0
21,6,"19:39",3.2,0
22,1,"05:36",3.2,0
22,2,"07:36",7.9,85
22,3,"09:36",12.7,85
22,4,"15:36",12.7,85
22,5,"17:36",6.7,0
22,6,"19:36",0.6,0
23,1,"05:39",0.6,0
23,2,"07:39",5.4,78
23,3,"09:39",10.2,78
23,4,"15:33",10.2,78
23,5,"17:33",5.2,0
23,6,"19:33",0.3,0
24,1,"05:41",0.3,0
24,2,"07:41",5.8,72
24,3,"09:41",11.3,72
24,4,"15:30",11.3,72
24,5,"17:30",7.4,0
24,6,"19:30",3.6,0
25,1,"05:44",3.6,0
25,2,"07:44",8.1,65
25,3,"09:44",12.6,65
25,4,"15:26",12.6,65
25,5,"17:26",7.8,0
25,6,"19:26",3,0
26,1,"05:47",3,0
26,2,"07:47",6.5,58
26,3,"09:47",9.9,58
26,4,"15:23",9.9,58
26,5,"17:23",6.4,0
26,6,"19:23",2.9,0
27,1,"05:50",2.9,0
27,2,"07:50",6.4,52
27,3,"09:50",9.9,52
27,4,"15:20",9.9,52
27,5,"17:20",6.1,0
27,6,"19:20",2.4,0
28,1,"05:53",2.4,0
28,2,"07:53",4.3,45
28,3,"09:53",6.2,45
28,4,"15:17",6.2,45
28,5,"17:17",3.9,0
28,6,"19:17",1.6,0
29,1,"05:56",1.6,0
29,2,"07:56",3,38
29,3,"09:56",4.4,38
29,4,"15:14",4.4,38
29,5,"17:14",1.3,0
29,6,"19:14",-1.7,0
30,1,"05:58",-1.7,0
30,2,"07:58",2.4,32
30,3,"09:58",6.4,32
30,4,"15:11",6.4,32
30,5,"17:11",1.6,0
30,6,"19:11",-3.1,0
31,1,"06:01",-3.1,0
31,2,"08:01",1.5,25
31,3,"10:01",6,25
31,4,"15:08",6,25
31,5,"17:08",1.9,0
31,6,"19:08",-2.3,0
32,1,"06:04",-2.3,0
32,2,"08:04",1.8,25
32,3,"10:04",5.9,25
32,4,"15:05",5.9,25
32,5,"17:05",3.3,0
32,6,"19:05",0.7,0
33,1,"06:07",0.7,0
33,2,"08:07",1.5,25
33,3,"10:07",2.4,25
33,4,"15:01",2.4,25
33,5,"17:01",1.2,0
33,6,"19:01",0,0
34,1,"06:10",0,0
34,2,"08:10",1.3,25
34,3,"10:10",2.6,25
34,4,"14:58",2.6,25
34,5,"16:58",2.7,0
34,6,"18:58",2.7,0
35,1,"06:13",2.7,0
35,2,"08:13",4.4,25
35,3,"10:13",6,25
35,4,"14:55",6,25
35,5,"16:55",5.7,0
35,6,"18:55",5.4,0
36,1,"06:16",5.4,0
36,2,"08:16",5.9,25
36,3,"10:16",6.4,25
36,4,"14:52",6.4,25
36,5,"16:52",5.4,0
36,6,"18:52",4.4,0
37,1,"05:18",4.4,0
37,2,"07:18",5.7,25
37,3,"09:18",7.1,25
37,4,"13:49",7.1,25
37,5,"15:49",6.7,0
37,6,"17:49",6.2,0
38,1,"05:21",6.2,0
38,2,"07:21",7,25
38,3,"09:21",7.9,25
38,4,"13:46",7.9,25
38,5,"15:46",6.4,0
38,6,"17:46",5,0
39,1,"05:24",5,0
39,2,"07:24",6.5,25
39,3,"09:24",8,25
39,4,"13:43",8,25
39,5,"15:43",6.5,0
39,6,"17:43",5,0
40,1,"05:27",5,0
40,2,"07:27",5.9,25
40,3,"09:27",6.9,25
40,4,"13:41",6.9,25
40,5,"15:41",5.1,0
40,6,"17:41",3.3,0
41,1,"05:30",3.3,0
41,2,"07:30",5.2,25
41,3,"09:30",7.2,25
41,4,"13:38",7.2,25
41,5,"15:38",6.7,0
41,6,"17:38",6.1,0
42,1,"05:33",6.1,0
42,2,"07:33",7.4,25
42,3,"09:33",8.6,25
42,4,"13:35",8.6,25
42,5,"15:35",6.8,0
42,6,"17:35",5,0
43,1,"05:36",5,0
43,2,"07:36",6.7,25
43,3,"09:36",8.4,25
43,4,"13:32",8.4,25
43,5,"15:32",6.6,0
43,6,"17:32",4.9,0
44,1,"05:39",4.9,0
44,2,"07:39",5.6,25
44,3,"09:39",6.2,25
44,4,"13:29",6.2,25
44,5,"15:29",5.9,0
44,6,"17:29",5.6,0
45,1,"05:42",5.6,0
45,2,"07:42",6.8,25
45,3,"09:42",8.1,25
45,4,"13:26",8.1,25
45,5,"15:26",6.2,0
45,6,"17:26",4.4,0
46,1,"05:45",4.4,0
46,2,"07:45",5.4,25
46,3,"09:45",6.3,25
46,4,"13:23",6.3,25
46,5,"15:23",6.1,0
46,6,"17:23",5.9,0
47,1,"05:48",5.9,0
47,2,"07:48",6.4,25
47,3,"09:48",6.9,25
47,4,"13:21",6.9,25
47,5,"15:21",5.7,0
47,6,"17:21",4.5,0
48,1,"05:51",4.5,0
48,2,"07:51",5.4,25
48,3,"09:51",6.3,25
48,4,"13:18",6.3,25
48,5,"15:18",4.6,0
48,6,"17:18",2.9,0
49,1,"05:53",2.9,0
49,2,"07:53",4.7,25
49,3,"09:53",6.6,25
49,4,"13:15",6.6,25
49,5,"15:15",5,0
49,6,"17:15",3.4,0
50,1,"05:56",3.4,0
50,2,"07:56",5.4,25
50,3,"09:56",7.3,25
50,4,"13:13",7.3,25
50,5,"15:13",4.6,0
50,6,"17:13",1.9,0
51,1,"05:59",1.9,0
51,2,"07:59",4.3,25
51,3,"09:59",6.7,25
51,4,"13:10",6.7,25
51,5,"15:10",4.1,0
51,6,"17:10",1.6,0
52,1,"06:02",1.6,0
52,2,"08:02",3.6,25
52,3,"10:02",5.5,25
52,4,"13:07",5.5,25
52,5,"15:07",2.6,0
52,6,"17:07",-0.4,0
53,1,"06:05",-0.4,0
53,2,"08:05",1.6,25
53,3,"10:05",3.5,25
53,4,"13:05",3.5,25
53,5,"15:05",0.3,0
53,6,"17:05",-3,0
54,1,"06:08",-3,0
54,2,"08:08",-0.9,25
54,3,"10:08",1.2,25
54,4,"13:02",1.2,25
54,5,"15:02",-1.4,0
54,6,"17:02",-4,0
55,1,"06:11",-4,0
55,2,"08:11",-2.7,25
55,3,"10:11",-1.3,25
55,4,"13:00",-1.3,25
55,5,"15:00",-2.7,0
55,6,"17:00",-4.1,0
56,1,"06:14",-4.1,0
56,2,"08:14",-2.1,25
56,3,"10:14",0,25
56,4,"12:58",0,25
56,5,"14:58",-1.6,0
56,6,"16:58",-3.1,0
57,1,"06:17",-3.1,0
57,2,"08:17",-1.7,25
57,3,"10:17",-0.2,25
57,4,"12:55",-0.2,25
57,5,"14:55",-2.5,0
57,6,"16:55",-4.7,0
58,1,"06:19",-4.7,0
58,2,"08:19",-3,25
58,3,"10:19",-1.2,25
58,4,"12:53",-1.2,25
58,5,"14:53",-3.3,0
58,6,"16:53",-5.4,0
59,1,"06:22",-5.4,0
59,2,"08:22",-3,25
59,3,"10:22",-0.5,25
59,4,"12:51",-0.5,25
59,5,"14:51",-1,0
59,6,"16:51",-1.4,0
60,1,"06:25",-1.4,0
60,2,"08:25",0.3,25
60,3,"10:25",2.1,25
60,4,"12:48",2.1,25
60,5,"14:48",1.7,0
60,6,"16:48",1.2,0
61,1,"06:28",1.2,0
61,2,"08:28",2.3,25
61,3,"10:28",3.5,25
61,4,"12:46",3.5,25
61,5,"14:46",1.7,0
61,6,"16:46",0,0
62,1,"06:30",0,0
62,2,"08:30",1.4,25
62,3,"10:30",2.8,25
62,4,"12:44",2.8,25
62,5,"14:44",1.8,0
62,6,"16:44",0.8,0
63,1,"06:33",0.8,0
63,2,"08:33",1.7,25
63,3,"10:33",2.5,25
63,4,"12:42",2.5,25
63,5,"14:42",0.7,0
63,6,"16:42",-1.1,0
64,1,"06:36",-1.1,0
64,2,"08:36",0,25
64,3,"10:36",1.1,25
64,4,"12:40",1.1,25
64,5,"14:40",-0.6,0
64,6,"16:40",-2.3,0
65,1,"06:38",-2.3,0
65,2,"08:38",-1.4,25
65,3,"10:38",-0.5,25
65,4,"12:38",-0.5,25
65,5,"14:38",-1.6,0
65,6,"16:38",-2.6,0
66,1,"06:41",-2.6,0
66,2,"08:41",-1.9,25
66,3,"10:41",-1.2,25
66,4,"12:36",-1.2,25
66,5,"14:36",-1.9,0
66,6,"16:36",-2.7,0
67,1,"06:43",-2.7,0
67,2,"08:43",-1.7,25
67,3,"10:43",-0.8,25
67,4,"12:34",-0.8,25
67,5,"14:34",-2.6,0
67,6,"16:34",-4.3,0
68,1,"06:46",-4.3,0
68,2,"08:46",-3.1,25
68,3,"10:46",-1.8,25
68,4,"12:33",-1.8,25
68,5,"14:33",-3.2,0
68,6,"16:33",-4.6,0
69,1,"06:48",-4.6,0
69,2,"08:48",-3.6,25
69,3,"10:48",-2.6,25
69,4,"12:31",-2.6,25
69,5,"14:31",-1.7,0
69,6,"16:31",-0.8,0
70,1,"06:57",-0.8,0
70,2,"08:57",-0.3,25
70,3,"10:57",0.1,25
70,4,"12:25",0.1,25
70,5,"14:25",-2,0
70,6,"16:25",-4.1,0
71,1,"07:05",-4.1,0
71,2,"09:05",-3.2,25
71,3,"11:05",-2.2,25
71,4,"12:21",-2.2,25
71,5,"14:21",-1.7,0
71,6,"16:21",-1.1,0
72,1,"07:11",-1.1,0
72,2,"09:11",-0.1,25
72,3,"11:11",1,25
72,4,"12:18",1,25
72,5,"14:18",-3.5,0
72,6,"16:18",-8.1,0
73,1,"07:16",-8.1,0
73,2,"09:16",-5.7,25
73,3,"11:16",-3.2,25
73,4,"12:17",-3.2,25
73,5,"14:17",-3.3,0
73,6,"16:17",-3.3,0
74,1,"07:19",-3.3,0
74,2,"09:19",-1.9,25
74,3,"11:19",-0.5,25
74,4,"12:18",-0.5,25
74,5,"14:18",-1.8,0
74,6,"16:18",-3,0
75,1,"07:21",-3,0
75,2,"09:21",-2.1,25
75,3,"11:21",-1.2,25
75,4,"12:21",-1.2,25
75,5,"14:21",-2.2,0
75,6,"16:21",-3.2,0
76,1,"07:20",-3.2,0
76,2,"09:20",-2.7,25
76,3,"11:20",-2.2,25
76,4,"12:26",-2.2,25
76,5,"14:26",-1.8,0
76,6,"16:26",-1.5,0
77,1,"07:18",-1.5,0
77,2,"09:18",-1.1,33
77,3,"11:18",-0.8,33
77,4,"12:32",-0.8,33
77,5,"14:32",-2,0
77,6,"16:32",-3.3,0
78,1,"07:14",-3.3,0
78,2,"09:14",-2.7,40
78,3,"11:14",-2.2,40
78,4,"12:40",-2.2,40
78,5,"14:40",-2.9,0
78,6,"16:40",-3.7,0
79,1,"07:08",-3.7,0
79,2,"09:08",-2.6,47
79,3,"11:08",-1.5,47
79,4,"12:49",-1.5,47
79,5,"14:49",-1.3,0
79,6,"16:49",-1.1,0
80,1,"07:01",-1.1,0
80,2,"09:01",-0.4,56
80,3,"11:01",0.3,56
80,4,"12:59",0.3,56
80,5,"14:59",-2.3,0
80,6,"16:59",-5,0
81,1,"06:54",-5,0
81,2,"08:54",-3.5,66
81,3,"10:54",-2.1,66
81,4,"13:09",-2.1,66
81,5,"15:09",-3.2,0
81,6,"17:09",-4.2,0
82,1,"06:45",-4.2,0
82,2,"08:45",-3.9,76
82,3,"10:45",-3.6,76
82,4,"13:21",-3.6,76
82,5,"15:21",-3.1,0
82,6,"17:21",-2.7,0
83,1,"06:35",-2.7,0
83,2,"08:35",-1.4,87
83,3,"10:35",0,87
83,4,"13:32",0,87
83,5,"15:32",0.1,0
83,6,"17:32",0.3,0
84,1,"06:25",0.3,0
84,2,"08:25",1.4,99
84,3,"10:25",2.6,99
84,4,"13:44",2.6,99
84,5,"15:44",-3.1,0
84,6,"17:44",-8.8,0
85,1,"06:14",-8.8,0
85,2,"08:14",-5.4,111
85,3,"10:14",-2,111
85,4,"13:56",-2,111
85,5,"15:56",-2.6,0
85,6,"17:56",-3.2,0
86,1,"06:03",-3.2,0
86,2,"08:03",-2.7,124
86,3,"10:03",-2.1,124
86,4,"14:08",-2.1,124
86,5,"16:08",-2.2,0
86,6,"18:08",-2.3,0
87,1,"05:51",-2.3,0
87,2,"07:51",-1.2,136
87,3,"09:51",-0.2,136
87,4,"14:20",-0.2,136
87,5,"16:20",-1.2,0
87,6,"18:20",-2.2,0
88,1,"05:39",-2.2,0
88,2,"07:39",-1.6,149
88,3,"09:39",-1,149
88,4,"14:32",-1,149
88,5,"16:32",-2.7,0
88,6,"18:32",-4.3,0
89,1,"05:27",-4.3,0
89,2,"07:27",-3.7,161
89,3,"09:27",-3.1,161
89,4,"14:44",-3.1,161
89,5,"16:44",-1.6,0
89,6,"18:44",-0.2,0
90,1,"05:14",-0.2,0
90,2,"07:14",1.6,174
90,3,"09:14",3.4,174
90,4,"14:55",3.4,174
90,5,"16:55",-2,0
90,6,"18:55",-7.3,0
91,1,"05:01",-7.3,0
91,2,"07:01",-4.6,187
91,3,"09:01",-1.8,187
91,4,"15:07",-1.8,187
91,5,"17:07",-4.6,0
91,6,"19:07",-7.3,0
92,1,"04:49",-7.3,0
92,2,"06:49",-6.5,200
92,3,"08:49",-5.6,200
92,4,"15:18",-5.6,200
92,5,"17:18",-7.3,0
92,6,"19:18",-9,0
93,1,"04:36",-9,0
93,2,"06:36",-6.1,213
93,3,"08:36",-3.2,213
93,4,"15:29",-3.2,213
93,5,"17:29",-4.9,0
93,6,"19:29",-6.6,0
94,1,"04:23",-6.6,0
94,2,"06:23",-3.6,225
94,3,"08:23",-0.7,225
94,4,"15:40",-0.7,225
94,5,"17:40",-1.9,0
94,6,"19:40",-3.1,0
95,1,"04:09",-3.1,0
95,2,"06:09",-1.7,238
95,3,"08:09",-0.3,238
95,4,"15:52",-0.3,238
95,5,"17:52",-1.6,0
95,6,"19:52",-3,0
96,1,"03:56",-3,0
96,2,"05:56",-1.1,251
96,3,"07:56",0.8,251
96,4,"16:02",0.8,251
96,5,"18:02",-2.5,0
96,6,"20:02",-5.8,0
97,1,"03:43",-5.8,0
97,2,"05:43",-3.3,264
97,3,"07:43",-0.8,264
97,4,"16:13",-0.8,264
97,5,"18:13",-1.4,0
97,6,"20:13",-2,0
98,1,"04:30",-2,0
98,2,"06:30",-1.2,276
98,3,"08:30",-0.4,276
98,4,"17:24",-0.4,276
98,5,"19:24",-2.3,0
98,6,"21:24",-4.1,0
99,1,"04:16",-4.1,0
99,2,"06:16",-2.6,289
99,3,"08:16",-1,289
99,4,"17:35",-1,289
99,5,"19:35",-2.1,0
99,6,"21:35",-3.2,0
100,1,"04:13",-3.2,0
100,2,"06:13",-1.5,293
100,3,"08:13",0.2,293
100,4,"17:38",0.2,293
100,5,"19:38",-1.5,0
100,6,"21:38",-3.2,0
101,1,"04:10",-3.2,0
101,2,"06:10",-1.6,296
101,3,"08:10",-0.1,296
101,4,"17:41",-0.1,296
101,5,"19:41",-0.8,0
101,6,"21:41",-1.5,0
102,1,"04:06",-1.5,0
102,2,"06:06",-0.8,299
102,3,"08:06",-0.1,299
102,4,"17:43",-0.1,299
102,5,"19:43",-0.9,0
102,6,"21:43",-1.6,0
103,1,"04:03",-1.6,0
103,2,"06:03",-0.9,302
103,3,"08:03",-0.2,302
103,4,"17:46",-0.2,302
103,5,"19:46",-0.9,0
103,6,"21:46",-1.7,0
104,1,"04:00",-1.7,0
104,2,"06:00",-1.2,305
104,3,"08:00",-0.7,305
104,4,"17:49",-0.7,305
104,5,"19:49",-0.7,0
104,6,"21:49",-0.6,0
105,1,"03:57",-0.6,0
105,2,"05:57",-0.1,308
105,3,"07:57",0.5,308
105,4,"17:52",0.5,308
105,5,"19:52",-0.1,0
105,6,"21:52",-0.7,0
106,1,"03:53",-0.7,0
106,2,"05:53",-0.2,312
106,3,"07:53",0.3,312
106,4,"17:54",0.3,312
106,5,"19:54",-0.3,0
106,6,"21:54",-1,0
107,1,"03:50",-1,0
107,2,"05:50",0.3,315
107,3,"07:50",1.6,315
107,4,"17:57",1.6,315
107,5,"19:57",0.3,0
107,6,"21:57",-1,0
108,1,"03:47",-1,0
108,2,"05:47",0,318
108,3,"07:47",0.9,318
108,4,"18:00",0.9,318
108,5,"20:00",-0.1,0
108,6,"22:00",-1.2,0
109,1,"03:43",-1.2,0
109,2,"05:43",0.2,321
109,3,"07:43",1.6,321
109,4,"18:03",1.6,321
109,5,"20:03",0.3,0
109,6,"22:03",-1,0
110,1,"03:40",-1,0
110,2,"05:40",1.5,324
110,3,"07:40",4,324
110,4,"18:05",4,324
110,5,"20:05",1.3,0
110,6,"22:05",-1.4,0
111,1,"03:37",-1.4,0
111,2,"05:37",0.3,328
111,3,"07:37",1.9,328
111,4,"18:08",1.9,328
111,5,"20:08",0.7,0
111,6,"22:08",-0.4,0
112,1,"03:33",-0.4,0
112,2,"05:33",0,331
112,3,"07:33",0.4,331
112,4,"18:11",0.4,331
112,5,"20:11",0,0
112,6,"22:11",-0.4,0
113,1,"03:30",-0.4,0
113,2,"05:30",-0.1,334
113,3,"07:30",0.2,334
113,4,"18:14",0.2,334
113,5,"20:14",0,0
113,6,"22:14",-0.2,0
114,1,"03:27",-0.2,0
114,2,"05:27",1.7,337
114,3,"07:27",3.6,337
114,4,"18:17",3.6,337
114,5,"20:17",1.5,0
114,6,"22:17",-0.5,0
115,1,"03:24",-0.5,0
115,2,"05:24",1.1,341
115,3,"07:24",2.8,341
115,4,"18:19",2.8,341
115,5,"20:19",1.5,0
115,6,"22:19",0.1,0
116,1,"03:20",0.1,0
116,2,"05:20",3.6,344
116,3,"07:20",7,344
116,4,"18:22",7,344
116,5,"20:22",3.5,0
116,6,"22:22",0,0
117,1,"03:17",0,0
117,2,"05:17",4.3,347
117,3,"07:17",8.7,347
117,4,"18:25",8.7,347
117,5,"20:25",4.2,0
117,6,"22:25",-0.2,0
118,1,"03:14",-0.2,0
118,2,"05:14",4.2,350
118,3,"07:14",8.6,350
118,4,"18:28",8.6,350
118,5,"20:28",4.8,0
118,6,"22:28",1,0
119,1,"03:11",1,0
119,2,"05:11",4.5,353
119,3,"07:11",7.9,353
119,4,"18:31",7.9,353
119,5,"20:31",3.9,0
119,6,"22:31",-0.2,0
120,1,"03:07",-0.2,0
120,2,"05:07",5,356
120,3,"07:07",10.3,356
120,4,"18:33",10.3,356
120,5,"20:33",4.7,0
120,6,"22:33",-0.8,0
121,1,"03:04",-0.8,0
121,2,"05:04",4.2,360
121,3,"07:04",9.3,360
121,4,"18:36",9.3,360
121,5,"20:36",5,0
121,6,"22:36",0.6,0
122,1,"03:01",0.6,0
122,2,"05:01",4.8,363
122,3,"07:01",8.9,363
122,4,"18:39",8.9,363
122,5,"20:39",5.7,0
122,6,"22:39",2.4,0
123,1,"02:58",2.4,0
123,2,"04:58",5.7,366
123,3,"06:58",9.1,366
123,4,"18:42",9.1,366
123,5,"20:42",4.9,0
123,6,"22:42",0.7,0
124,1,"02:55",0.7,0
124,2,"04:55",6.6,369
124,3,"06:55",12.5,369
124,4,"18:45",12.5,369
124,5,"20:45",6.9,0
124,6,"22:45",1.4,0
125,1,"02:52",1.4,0
125,2,"04:52",3.6,373
125,3,"06:52",5.7,373
125,4,"18:48",5.7,373
125,5,"20:48",3.8,0
125,6,"22:48",1.9,0
126,1,"02:48",1.9,0
126,2,"04:48",3.5,376
126,3,"06:48",5,376
126,4,"18:50",5,376
126,5,"20:50",3.8,0
126,6,"22:50",2.6,0
127,1,"02:45",2.6,0
127,2,"04:45",4.3,379
127,3,"06:45",6,379
127,4,"18:53",6,379
127,5,"20:53",4.1,0
127,6,"22:53",2.2,0
128,1,"02:42",2.2,0
128,2,"04:42",7.5,382
128,3,"06:42",12.7,382
128,4,"18:56",12.7,382
128,5,"20:56",7.1,0
128,6,"22:56",1.6,0
129,1,"02:39",1.6,0
129,2,"04:39",7.3,385
129,3,"06:39",13.1,385
129,4,"18:59",13.1,385
129,5,"20:59",7.3,0
129,6,"22:59",1.5,0
130,1,"02:36",1.5,0
130,2,"04:36",6.9,388
130,3,"06:36",12.4,388
130,4,"19:02",12.4,388
130,5,"21:02",7.6,0
130,6,"23:02",2.9,0
131,1,"02:33",2.9,0
131,2,"04:33",6.7,391
131,3,"06:33",10.6,391
131,4,"19:05",10.6,391
131,5,"21:05",7,0
131,6,"23:05",3.4,0
132,1,"02:30",3.4,0
132,2,"04:30",6.1,394
132,3,"06:30",8.8,394
132,4,"19:08",8.8,394
132,5,"21:08",7.2,0
132,6,"23:08",5.7,0
133,1,"02:27",5.7,0
133,2,"04:27",11,398
133,3,"06:27",16.4,398
133,4,"19:11",16.4,398
133,5,"21:11",11.8,0
133,6,"23:11",7.2,0
134,1,"02:24",7.2,0
134,2,"04:24",12.8,401
134,3,"06:24",18.4,401
134,4,"19:13",18.4,401
134,5,"21:13",12.7,0
134,6,"23:13",7,0
135,1,"02:21",7,0
135,2,"04:21",14.3,404
135,3,"06:21",21.7,404
135,4,"19:16",21.7,404
135,5,"21:16",16.5,0
135,6,"23:16",11.4,0
136,1,"02:18",11.4,0
136,2,"04:18",17.5,407
136,3,"06:18",23.7,407
136,4,"19:19",23.7,407
136,5,"21:19",17.2,0
136,6,"23:19",10.7,0
137,1,"02:15",10.7,0
137,2,"04:15",17.5,410
137,3,"06:15",24.3,410
137,4,"19:22",24.3,410
137,5,"21:22",15.3,0
137,6,"23:22",6.2,0
138,1,"02:12",6.2,0
138,2,"04:12",12.9,413
138,3,"06:12",19.5,413
138,4,"19:25",19.5,413
138,5,"21:25",12.4,0
138,6,"23:25",5.2,0
139,1,"02:09",5.2,0
139,2,"04:09",11.8,416
139,3,"06:09",18.5,416
139,4,"19:28",18.5,416
139,5,"21:28",13.5,0
139,6,"23:28",8.5,0
140,1,"02:06",8.5,0
140,2,"04:06",13.1,419
140,3,"06:06",17.7,419
140,4,"19:31",17.7,419
140,5,"21:31",12,0
140,6,"23:31",6.3,0
141,1,"02:03",6.3,0
141,2,"04:03",11.7,422
141,3,"06:03",17.1,422
141,4,"19:33",17.1,422
141,5,"21:33",11.3,0
141,6,"23:33",5.5,0
142,1,"02:00",5.5,0
142,2,"04:00",8.5,425
142,3,"06:00",11.5,425
142,4,"19:36",11.5,425
142,5,"21:36",7.6,0
142,6,"23:36",3.7,0
143,1,"01:57",3.7,0
143,2,"03:57",8.5,428
143,3,"05:57",13.3,428
143,4,"19:39",13.3,428
143,5,"21:39",7.9,0
143,6,"23:39",2.6,0
144,1,"01:54",2.6,0
144,2,"03:54",8.1,431
144,3,"05:54",13.6,431
144,4,"19:42",13.6,431
144,5,"21:42",7.7,0
144,6,"23:42",1.8,0
145,1,"01:52",1.8,0
145,2,"03:52",7,434
145,3,"05:52",12.1,434
145,4,"19:45",12.1,434
145,5,"21:45",7.5,0
145,6,"23:45",2.8,0
146,1,"01:49",2.8,0
146,2,"03:49",8.9,437
146,3,"05:49",15.1,437
146,4,"19:47",15.1,437
146,5,"21:47",10,0
146,6,"23:47",4.9,0
147,1,"01:46",4.9,0
147,2,"03:46",6,440
147,3,"05:46",7.2,440
147,4,"19:50",7.2,440
147,5,"21:50",5.9,0
147,6,"23:50",4.5,0
148,1,"01:44",4.5,0
148,2,"03:44",8.2,443
148,3,"05:44",11.9,443
148,4,"19:53",11.9,443
148,5,"21:53",8.8,0
148,6,"23:53",5.8,0
149,1,"01:41",5.8,0
149,2,"03:41",10.5,445
149,3,"05:41",15.2,445
149,4,"19:56",15.2,445
149,5,"21:56",10,0
149,6,"23:56",4.7,0
150,1,"01:38",4.7,0
150,2,"03:38",10.9,448
150,3,"05:38",17.2,448
150,4,"19:58",17.2,448
150,5,"21:58",12,0
150,6,"23:58",6.9,0
151,1,"01:36",6.9,0
151,2,"03:36",8.2,451
151,3,"05:36",9.6,451
151,4,"20:01",9.6,451
151,5,"22:01",8.1,0
151,6,"00:01",6.7,0
152,1,"01:33",6.7,0
152,2,"03:33",9.5,454
152,3,"05:33",12.3,454
152,4,"20:04",12.3,454
152,5,"22:04",10.2,0
152,6,"00:04",8.1,0
153,1,"01:31",8.1,0
153,2,"03:31",11.6,457
153,3,"05:31",15.1,457
153,4,"20:06",15.1,457
153,5,"22:06",10.6,0
153,6,"00:06",6.2,0
154,1,"01:28",6.2,0
154,2,"03:28",9.4,459
154,3,"05:28",12.6,459
154,4,"20:09",12.6,459
154,5,"22:09",9.8,0
154,6,"00:09",6.9,0
155,1,"01:26",6.9,0
155,2,"03:26",8.6,462
155,3,"05:26",10.2,462
155,4,"20:11",10.2,462
155,5,"22:11",8.1,0
155,6,"00:11",6.1,0
156,1,"01:24",6.1,0
156,2,"03:24",10,464
156,3,"05:24",13.9,464
156,4,"20:14",13.9,464
156,5,"22:14",9.7,0
156,6,"00:14",5.5,0
157,1,"01:22",5.5,0
157,2,"03:22",10.8,467
157,3,"05:22",16.2,467
157,4,"20:16",16.2,467
157,5,"22:16",11.6,0
157,6,"00:16",7,0
158,1,"01:19",7,0
158,2,"03:19",8.6,469
158,3,"05:19",10.1,469
158,4,"20:19",10.1,469
158,5,"22:19",8.8,0
158,6,"00:19",7.5,0
159,1,"01:17",7.5,0
159,2,"03:17",9.4,471
159,3,"05:17",11.3,471
159,4,"20:21",11.3,471
159,5,"22:21",9,0
159,6,"00:21",6.7,0
160,1,"01:15",6.7,0
160,2,"03:15",9.6,474
160,3,"05:15",12.5,474
160,4,"20:23",12.5,474
160,5,"22:23",9.4,0
160,6,"00:23",6.2,0
161,1,"01:13",6.2,0
161,2,"03:13",10.7,476
161,3,"05:13",15.1,476
161,4,"20:25",15.1,476
161,5,"22:25",10.9,0
161,6,"00:25",6.6,0
162,1,"01:11",6.6,0
162,2,"03:11",12.4,478
162,3,"05:11",18.1,478
162,4,"20:28",18.1,478
162,5,"22:28",13.4,0
162,6,"00:28",8.6,0
163,1,"01:10",8.6,0
163,2,"03:10",11.4,480
163,3,"05:10",14.3,480
163,4,"20:30",14.3,480
163,5,"22:30",10.7,0
163,6,"00:30",7.1,0
164,1,"01:08",7.1,0
164,2,"03:08",12.6,482
164,3,"05:08",18.2,482
164,4,"20:32",18.2,482
164,5,"22:32",12.6,0
164,6,"00:32",7,0
165,1,"01:06",7,0
165,2,"03:06",10.8,484
165,3,"05:06",14.6,484
165,4,"20:34",14.6,484
165,5,"22:34",10.8,0
165,6,"00:34",7,0
166,1,"01:05",7,0
166,2,"03:05",12,486
166,3,"05:05",17.1,486
166,4,"20:36",17.1,486
166,5,"22:36",12.2,0
166,6,"00:36",7.4,0
167,1,"01:03",7.4,0
167,2,"03:03",12,488
167,3,"05:03",16.5,488
167,4,"20:37",16.5,488
167,5,"22:37",12.1,0
167,6,"00:37",7.7,0
168,1,"01:02",7.7,0
168,2,"03:02",13.7,489
168,3,"05:02",19.7,489
168,4,"20:39",19.7,489
168,5,"22:39",14.8,0
168,6,"00:39",9.9,0
169,1,"01:00",9.9,0
169,2,"03:00",14.3,491
169,3,"05:00",18.7,491
169,4,"20:41",18.7,491
169,5,"22:41",13.6,0
169,6,"00:41",8.5,0
170,1,"00:59",8.5,0
170,2,"02:59",15.1,492
170,3,"04:59",21.8,492
170,4,"20:42",21.8,492
170,5,"22:42",16.3,0
170,6,"00:42",10.7,0
171,1,"00:58",10.7,0
171,2,"02:58",17.1,493
171,3,"04:58",23.6,493
171,4,"20:43",23.6,493
171,5,"22:43",18.1,0
171,6,"00:43",12.7,0
172,1,"00:57",12.7,0
172,2,"02:57",18.9,495
172,3,"04:57",25,495
172,4,"20:45",25,495
172,5,"22:45",19.1,0
172,6,"00:45",13.2,0
173,1,"00:56",13.2,0
173,2,"02:56",19.3,496
173,3,"04:56",25.3,496
173,4,"20:46",25.3,496
173,5,"22:46",17.7,0
173,6,"00:46",10,0
174,1,"00:56",10,0
174,2,"02:56",15.4,497
174,3,"04:56",20.9,497
174,4,"20:47",20.9,497
174,5,"22:47",13.9,0
174,6,"00:47",7,0
175,1,"00:55",7,0
175,2,"02:55",13.4,497
175,3,"04:55",19.8,497
175,4,"20:48",19.8,497
175,5,"22:48",15.9,0
175,6,"00:48",11.9,0
176,1,"00:54",11.9,0
176,2,"02:54",18.2,498
176,3,"04:54",24.4,498
176,4,"20:49",24.4,498
176,5,"22:49",18.6,0
176,6,"00:49",12.9,0
177,1,"00:54",12.9,0
177,2,"02:54",19.3,499
177,3,"04:54",25.7,499
177,4,"20:50",25.7,499
177,5,"22:50",18.8,0
177,6,"00:50",11.9,0
178,1,"00:54",11.9,0
178,2,"02:54",17.9,499
178,3,"04:54",23.9,499
178,4,"20:50",23.9,499
178,5,"22:50",19.3,0
178,6,"00:50",14.7,0
179,1,"00:54",14.7,0
179,2,"02:54",17.4,500
179,3,"04:54",20.1,500
179,4,"20:51",20.1,500
179,5,"22:51",16.7,0
179,6,"00:51",13.3,0
180,1,"00:54",13.3,0
180,2,"02:54",15.3,500
180,3,"04:54",17.4,500
180,4,"20:51",17.4,500
180,5,"22:51",14.8,0
180,6,"00:51",12.2,0
181,1,"00:54",12.2,0
181,2,"02:54",17.3,500
181,3,"04:54",22.4,500
181,4,"20:51",22.4,500
181,5,"22:51",17.2,0
181,6,"00:51",11.9,0
182,1,"00:54",11.9,0
182,2,"02:54",14,500
182,3,"04:54",16.1,500
182,4,"20:51",16.1,500
182,5,"22:51",13.7,0
182,6,"00:51",11.4,0
183,1,"00:54",11.4,0
183,2,"02:54",15.7,500
183,3,"04:54",20.1,500
183,4,"20:51",20.1,500
183,5,"22:51",15.2,0
183,6,"00:51",10.2,0
184,1,"00:55",10.2,0
184,2,"02:55",16.6,499
184,3,"04:55",23,499
184,4,"20:51",23,499
184,5,"22:51",17.6,0
184,6,"00:51",12.1,0
185,1,"00:55",12.1,0
185,2,"02:55",17,499
185,3,"04:55",21.9,499
185,4,"20:51",21.9,499
185,5,"22:51",16.7,0
185,6,"00:51",11.4,0
186,1,"00:56",11.4,0
186,2,"02:56",18.4,498
186,3,"04:56",25.4,498
186,4,"20:51",25.4,498
186,5,"22:51",18.2,0
186,6,"00:51",11.1,0
187,1,"00:57",11.1,0
187,2,"02:57",16.1,498
187,3,"04:57",21.1,498
187,4,"20:50",21.1,498
187,5,"22:50",16.7,0
187,6,"00:50",12.3,0
188,1,"00:58",12.3,0
188,2,"02:58",15,497
188,3,"04:58",17.6,497
188,4,"20:49",17.6,497
188,5,"22:49",13.5,0
188,6,"00:49",9.4,0
189,1,"00:59",9.4,0
189,2,"02:59",18.7,496
189,3,"04:59",28,496
189,4,"20:49",28,496
189,5,"22:49",19.7,0
189,6,"00:49",11.4,0
190,1,"01:00",11.4,0
190,2,"03:00",18.7,495
190,3,"05:00",26,495
190,4,"20:48",26,495
190,5,"22:48",NA,0
190,6,"00:48",NA,0
